Tahun,Dasarian_Tahunan,Curah_Hujan_Dasarian,Jumlah_Data_Tersedia,Jumlah_Hari,Persentase_Kelengkapan
1995,1,34.0,10,10,100.0
1995,2,240.0,10,10,100.0
1995,3,119.0,11,11,100.0
1995,4,121.0,10,10,100.0
1995,5,136.0,10,10,100.0
1995,6,9.0,8,8,100.0
1995,7,121.0,10,10,100.0
1995,8,54.0,10,10,100.0
1995,9,89.0,11,11,100.0
1995,10,110.0,10,10,100.0
1995,11,31.0,10,10,100.0
1995,12,80.0,10,10,100.0
1995,13,58.0,10,10,100.0
1995,14,10.0,10,10,100.0
1995,15,34.0,11,11,100.0
1995,16,29.0,10,10,100.0
1995,17,40.0,10,10,100.0
1995,18,23.0,10,10,100.0
1995,19,70.0,10,10,100.0
1995,20,40.0,10,10,100.0
1995,21,56.0,11,11,100.0
1995,22,21.0,10,10,100.0
1995,23,0.0,10,10,100.0
1995,24,1.0,11,11,100.0
1995,25,10.0,10,10,100.0
1995,26,0.0,10,10,100.0
1995,27,49.0,10,10,100.0
1995,28,22.0,10,10,100.0
1995,29,32.0,10,10,100.0
1995,30,36.0,11,11,100.0
1995,31,34.0,10,10,100.0
1995,32,13.0,10,10,100.0
1995,33,201.0,10,10,100.0
1995,34,83.0,10,10,100.0
1995,35,95.0,10,10,100.0
1995,36,27.0,11,11,100.0
1996,1,107.0,10,10,100.0
1996,2,38.0,10,10,100.0
1996,3,111.0,11,11,100.0
1996,4,132.0,10,10,100.0
1996,5,54.0,10,10,100.0
1996,6,189.0,9,9,100.0
1996,7,91.0,10,10,100.0
1996,8,41.0,10,10,100.0
1996,9,65.0,11,11,100.0
1996,10,10.0,10,10,100.0
1996,11,35.0,10,10,100.0
1996,12,216.0,10,10,100.0
1996,13,16.0,10,10,100.0
1996,14,8.0,10,10,100.0
1996,15,188.0,11,11,100.0
1996,16,10.0,10,10,100.0
1996,17,67.0,10,10,100.0
1996,18,16.0,10,10,100.0
1996,19,0.0,10,10,100.0
1996,20,0.0,10,10,100.0
1996,21,0.0,11,11,100.0
1996,22,77.0,10,10,100.0
1996,23,44.0,10,10,100.0
1996,24,12.0,11,11,100.0
1996,25,73.0,10,10,100.0
1996,26,0.0,10,10,100.0
1996,27,5.0,10,10,100.0
1996,28,78.0,10,10,100.0
1996,29,20.0,10,10,100.0
1996,30,135.0,11,11,100.0
1996,31,165.0,10,10,100.0
1996,32,9.0,10,10,100.0
1996,33,56.0,10,10,100.0
1996,34,55.0,10,10,100.0
1996,35,148.0,10,10,100.0
1996,36,82.0,11,11,100.0
1997,1,97.0,10,10,100.0
1997,2,93.0,10,10,100.0
1997,3,105.0,11,11,100.0
1997,4,59.0,10,10,100.0
1997,5,48.0,10,10,100.0
1997,6,64.0,8,8,100.0
1997,7,46.0,10,10,100.0
1997,8,46.0,10,10,100.0
1997,9,55.0,11,11,100.0
1997,10,48.0,10,10,100.0
1997,11,123.0,10,10,100.0
1997,12,28.0,10,10,100.0
1997,13,57.0,10,10,100.0
1997,14,70.0,10,10,100.0
1997,15,16.0,11,11,100.0
1997,16,2.0,10,10,100.0
1997,17,5.0,10,10,100.0
1997,18,20.0,10,10,100.0
1997,19,1.0,10,10,100.0
1997,20,0.0,10,10,100.0
1997,21,0.0,11,11,100.0
1997,22,0.0,10,10,100.0
1997,23,0.0,10,10,100.0
1997,24,0.0,11,11,100.0
1997,25,0.0,10,10,100.0
1997,26,0.0,10,10,100.0
1997,27,0.0,10,10,100.0
1997,28,0.0,10,10,100.0
1997,29,0.0,10,10,100.0
1997,30,0.0,11,11,100.0
1997,31,12.0,10,10,100.0
1997,32,0.0,10,10,100.0
1997,33,27.0,10,10,100.0
1997,34,35.0,10,10,100.0
1997,35,48.0,10,10,100.0
1997,36,6.0,11,11,100.0
1998,1,10.0,10,10,100.0
1998,2,36.0,10,10,100.0
1998,3,131.0,11,11,100.0
1998,4,40.0,10,10,100.0
1998,5,118.0,10,10,100.0
1998,6,47.0,8,8,100.0
1998,7,121.0,10,10,100.0
1998,8,38.0,10,10,100.0
1998,9,84.0,11,11,100.0
1998,10,13.1,10,10,100.0
1998,11,67.2,10,10,100.0
1998,12,33.6,10,10,100.0
1998,13,128.1,10,10,100.0
1998,14,89.6,10,10,100.0
1998,15,4.0,11,11,100.0
1998,16,34.400000000000006,10,10,100.0
1998,17,43.5,10,10,100.0
1998,18,34.6,10,10,100.0
1998,19,17.3,10,10,100.0
1998,20,22.8,10,10,100.0
1998,21,19.799999999999997,11,11,100.0
1998,22,12.600000000000001,10,10,100.0
1998,23,25.0,10,10,100.0
1998,24,56.7,11,11,100.0
1998,25,0.2,10,10,100.0
1998,26,20.8,10,10,100.0
1998,27,21.7,10,10,100.0
1998,28,76.9,10,10,100.0
1998,29,103.0,10,10,100.0
1998,30,51.3,11,11,100.0
1998,31,27.799999999999997,10,10,100.0
1998,32,94.5,10,10,100.0
1998,33,10.3,10,10,100.0
1998,34,55.4,10,10,100.0
1998,35,8.1,10,10,100.0
1998,36,102.0,11,11,100.0
1999,1,193.5,10,10,100.0
1999,2,76.4,10,10,100.0
1999,3,285.0,11,11,100.0
1999,4,75.7,10,10,100.0
1999,5,26.900000000000002,10,10,100.0
1999,6,135.6,8,8,100.0
1999,7,33.6,10,10,100.0
1999,8,50.6,10,10,100.0
1999,9,12.3,11,11,100.0
1999,10,79.2,10,10,100.0
1999,11,19.2,10,10,100.0
1999,12,1.8,10,10,100.0
1999,13,20.2,10,10,100.0
1999,14,2.6,10,10,100.0
1999,15,17.0,11,11,100.0
1999,16,9.4,10,10,100.0
1999,17,26.599999999999998,10,10,100.0
1999,18,17.4,10,10,100.0
1999,19,38.8,10,10,100.0
1999,20,9.7,10,10,100.0
1999,21,6.0,11,11,100.0
1999,22,10.0,10,10,100.0
1999,23,4.6,10,10,100.0
1999,24,0.0,11,11,100.0
1999,25,0.0,10,10,100.0
1999,26,0.2,10,10,100.0
1999,27,20.0,10,10,100.0
1999,28,4.4,10,10,100.0
1999,29,36.1,10,10,100.0
1999,30,242.3,11,11,100.0
1999,31,44.7,10,10,100.0
1999,32,23.299999999999997,10,10,100.0
1999,33,7.699999999999999,10,10,100.0
1999,34,32.800000000000004,10,10,100.0
1999,35,102.8,10,10,100.0
1999,36,112.60000000000001,11,11,100.0
2000,1,63.6,10,10,100.0
2000,2,172.5,10,10,100.0
2000,3,147.1,11,11,100.0
2000,4,202.2,10,10,100.0
2000,5,87.8,10,10,100.0
2000,6,10.4,9,9,100.0
2000,7,24.9,10,10,100.0
2000,8,22.2,10,10,100.0
2000,9,47.900000000000006,11,11,100.0
2000,10,20.0,10,10,100.0
2000,11,1.0,10,10,100.0
2000,12,106.0,10,10,100.0
2000,13,49.0,10,10,100.0
2000,14,57.0,10,10,100.0
2000,15,23.0,11,11,100.0
2000,16,23.0,10,10,100.0
2000,17,3.0,10,10,100.0
2000,18,3.0,10,10,100.0
2000,19,42.0,10,10,100.0
2000,20,37.0,10,10,100.0
2000,21,22.0,11,11,100.0
2000,22,0.0,10,10,100.0
2000,23,2.0,10,10,100.0
2000,24,20.0,11,11,100.0
2000,25,2.0,10,10,100.0
2000,26,0.0,10,10,100.0
2000,27,22.0,10,10,100.0
2000,28,46.0,10,10,100.0
2000,29,37.0,10,10,100.0
2000,30,34.0,11,11,100.0
2000,31,12.0,10,10,100.0
2000,32,55.0,10,10,100.0
2000,33,67.0,10,10,100.0
2000,34,11.0,10,10,100.0
2000,35,32.0,10,10,100.0
2000,36,29.0,11,11,100.0
2001,1,88.0,10,10,100.0
2001,2,39.0,10,10,100.0
2001,3,93.0,11,11,100.0
2001,4,177.0,10,10,100.0
2001,5,113.0,10,10,100.0
2001,6,40.0,8,8,100.0
2001,7,48.0,10,10,100.0
2001,8,43.0,10,10,100.0
2001,9,52.0,11,11,100.0
2001,10,15.0,10,10,100.0
2001,11,56.0,10,10,100.0
2001,12,14.0,10,10,100.0
2001,13,23.0,10,10,100.0
2001,14,1.0,10,10,100.0
2001,15,38.0,11,11,100.0
2001,16,93.0,10,10,100.0
2001,17,36.0,10,10,100.0
2001,18,35.0,10,10,100.0
2001,19,0.0,10,10,100.0
2001,20,71.0,10,10,100.0
2001,21,16.0,11,11,100.0
2001,22,48.0,10,10,100.0
2001,23,0.0,10,10,100.0
2001,24,1.0,11,11,100.0
2001,25,64.0,10,10,100.0
2001,26,9.0,10,10,100.0
2001,27,23.0,10,10,100.0
2001,28,74.0,10,10,100.0
2001,29,43.0,10,10,100.0
2001,30,19.0,11,11,100.0
2001,31,18.0,10,10,100.0
2001,32,121.0,10,10,100.0
2001,33,51.0,10,10,100.0
2001,34,11.0,10,10,100.0
2001,35,37.0,10,10,100.0
2001,36,26.0,11,11,100.0
2002,1,13.0,10,10,100.0
2002,2,72.0,10,10,100.0
2002,3,216.0,11,11,100.0
2002,4,154.0,10,10,100.0
2002,5,164.0,10,10,100.0
2002,6,30.0,8,8,100.0
2002,7,31.0,10,10,100.0
2002,8,23.0,10,10,100.0
2002,9,64.0,11,11,100.0
2002,10,167.0,10,10,100.0
2002,11,51.0,10,10,100.0
2002,12,42.0,10,10,100.0
2002,13,70.0,10,10,100.0
2002,14,12.0,10,10,100.0
2002,15,6.0,11,11,100.0
2002,16,29.0,10,10,100.0
2002,17,55.0,10,10,100.0
2002,18,2.0,10,10,100.0
2002,19,19.0,10,10,100.0
2002,20,72.0,10,10,100.0
2002,21,34.0,11,11,100.0
2002,22,2.0,10,10,100.0
2002,23,1.0,10,10,100.0
2002,24,0.0,11,11,100.0
2002,25,0.0,10,10,100.0
2002,26,0.0,10,10,100.0
2002,27,5.0,10,10,100.0
2002,28,8.0,10,10,100.0
2002,29,0.0,10,10,100.0
2002,30,0.0,11,11,100.0
2002,31,2.0,10,10,100.0
2002,32,9.0,10,10,100.0
2002,33,86.0,10,10,100.0
2002,34,40.0,10,10,100.0
2002,35,41.0,10,10,100.0
2002,36,54.0,11,11,100.0
2003,1,3.0,10,10,100.0
2003,2,0.0,10,10,100.0
2003,3,80.0,11,11,100.0
2003,4,37.0,10,10,100.0
2003,5,111.0,10,10,100.0
2003,6,105.0,8,8,100.0
2003,7,20.0,10,10,100.0
2003,8,86.0,10,10,100.0
2003,9,22.0,11,11,100.0
2003,10,18.0,10,10,100.0
2003,11,5.0,10,10,100.0
2003,12,24.0,10,10,100.0
2003,13,39.0,10,10,100.0
2003,14,10.0,10,10,100.0
2003,15,29.0,11,11,100.0
2003,16,5.0,10,10,100.0
2003,17,1.0,10,10,100.0
2003,18,5.0,10,10,100.0
2003,19,0.0,10,10,100.0
2003,20,50.0,10,10,100.0
2003,21,0.0,11,11,100.0
2003,22,0.0,10,10,100.0
2003,23,0.5,10,10,100.0
2003,24,4.2,11,11,100.0
2003,25,7.0,10,10,100.0
2003,26,34.0,10,10,100.0
2003,27,0.0,10,10,100.0
2003,28,10.0,10,10,100.0
2003,29,29.0,10,10,100.0
2003,30,5.0,11,11,100.0
2003,31,22.0,10,10,100.0
2003,32,67.0,10,10,100.0
2003,33,28.0,10,10,100.0
2003,34,31.0,10,10,100.0
2003,35,58.0,10,10,100.0
2003,36,231.0,11,11,100.0
2004,1,45.0,10,10,100.0
2004,2,87.0,10,10,100.0
2004,3,89.0,11,11,100.0
2004,4,115.0,10,10,100.0
2004,5,209.0,10,10,100.0
2004,6,24.0,9,9,100.0
2004,7,137.0,10,10,100.0
2004,8,19.0,10,10,100.0
2004,9,20.0,11,11,100.0
2004,10,11.0,10,10,100.0
2004,11,11.0,10,10,100.0
2004,12,64.0,10,10,100.0
2004,13,77.0,10,10,100.0
2004,14,47.0,10,10,100.0
2004,15,50.0,11,11,100.0
2004,16,4.0,10,10,100.0
2004,17,0.0,10,10,100.0
2004,18,0.0,10,10,100.0
2004,19,27.0,10,10,100.0
2004,20,24.0,10,10,100.0
2004,21,0.0,11,11,100.0
2004,22,0.0,10,10,100.0
2004,23,0.0,10,10,100.0
2004,24,0.0,11,11,100.0
2004,25,34.0,10,10,100.0
2004,26,19.0,10,10,100.0
2004,27,5.0,10,10,100.0
2004,28,29.0,10,10,100.0
2004,29,0.0,10,10,100.0
2004,30,4.0,11,11,100.0
2004,31,4.0,10,10,100.0
2004,32,0.0,10,10,100.0
2004,33,0.0,10,10,100.0
2004,34,16.0,10,10,100.0
2004,35,72.0,10,10,100.0
2004,36,147.0,11,11,100.0
2005,1,98.0,10,10,100.0
2005,2,91.0,10,10,100.0
2005,3,116.0,11,11,100.0
2005,4,55.0,10,10,100.0
2005,5,54.0,10,10,100.0
2005,6,178.0,8,8,100.0
2005,7,40.0,10,10,100.0
2005,8,30.0,10,10,100.0
2005,9,122.0,11,11,100.0
2005,10,47.0,10,10,100.0
2005,11,19.0,10,10,100.0
2005,12,21.0,10,10,100.0
2005,13,12.0,10,10,100.0
2005,14,6.0,10,10,100.0
2005,15,24.0,11,11,100.0
2005,16,59.0,10,10,100.0
2005,17,93.0,10,10,100.0
2005,18,11.0,10,10,100.0
2005,19,54.0,10,10,100.0
2005,20,130.0,10,10,100.0
2005,21,1.0,11,11,100.0
2005,22,28.0,10,10,100.0
2005,23,13.0,10,10,100.0
2005,24,3.0,11,11,100.0
2005,25,22.0,10,10,100.0
2005,26,31.0,10,10,100.0
2005,27,13.0,10,10,100.0
2005,28,21.0,10,10,100.0
2005,29,48.0,10,10,100.0
2005,30,80.0,11,11,100.0
2005,31,8.0,10,10,100.0
2005,32,29.0,10,10,100.0
2005,33,33.0,10,10,100.0
2005,34,20.4,10,10,100.0
2005,35,85.9,10,10,100.0
2005,36,62.5,11,11,100.0
2006,1,44.0,10,10,100.0
2006,2,128.0,10,10,100.0
2006,3,52.0,11,11,100.0
2006,4,109.0,10,10,100.0
2006,5,40.0,10,10,100.0
2006,6,85.0,8,8,100.0
2006,7,62.0,10,10,100.0
2006,8,131.0,10,10,100.0
2006,9,152.0,11,11,100.0
2006,10,11.0,10,10,100.0
2006,11,3.0,10,10,100.0
2006,12,71.0,10,10,100.0
2006,13,12.0,10,10,100.0
2006,14,2.0,10,10,100.0
2006,15,138.0,11,11,100.0
2006,16,31.0,10,10,100.0
2006,17,0.0,10,10,100.0
2006,18,0.0,10,10,100.0
2006,19,0.0,10,10,100.0
2006,20,4.0,10,10,100.0
2006,21,6.0,11,11,100.0
2006,22,0.0,10,10,100.0
2006,23,0.0,10,10,100.0
2006,24,0.0,11,11,100.0
2006,25,0.0,10,10,100.0
2006,26,0.0,10,10,100.0
2006,27,0.0,10,10,100.0
2006,28,0.0,10,10,100.0
2006,29,0.0,10,10,100.0
2006,30,6.0,11,11,100.0
2006,31,0.0,10,10,100.0
2006,32,3.0,10,10,100.0
2006,33,8.0,10,10,100.0
2006,34,53.0,10,10,100.0
2006,35,9.0,10,10,100.0
2006,36,88.0,11,11,100.0
2007,1,49.0,10,10,100.0
2007,2,26.0,10,10,100.0
2007,3,132.0,11,11,100.0
2007,4,237.0,10,10,100.0
2007,5,41.0,10,10,100.0
2007,6,23.0,8,8,100.0
2007,7,93.0,10,10,100.0
2007,8,48.0,10,10,100.0
2007,9,109.0,11,11,100.0
2007,10,21.0,10,10,100.0
2007,11,10.0,10,10,100.0
2007,12,61.0,10,10,100.0
2007,13,116.0,10,10,100.0
2007,14,14.0,10,10,100.0
2007,15,22.0,11,11,100.0
2007,16,31.0,10,10,100.0
2007,17,19.0,10,10,100.0
2007,18,18.0,10,10,100.0
2007,19,44.0,10,10,100.0
2007,20,0.0,10,10,100.0
2007,21,4.0,11,11,100.0
2007,22,0.0,10,10,100.0
2007,23,1.0,10,10,100.0
2007,24,1.0,11,11,100.0
2007,25,1.0,10,10,100.0
2007,26,7.0,10,10,100.0
2007,27,0.0,10,10,100.0
2007,28,24.0,10,10,100.0
2007,29,3.0,10,10,100.0
2007,30,91.0,11,11,100.0
2007,31,40.0,10,10,100.0
2007,32,32.0,10,10,100.0
2007,33,1.0,10,10,100.0
2007,34,51.0,10,10,100.0
2007,35,25.0,10,10,100.0
2007,36,98.0,11,11,100.0
2008,1,227.0,10,10,100.0
2008,2,30.0,10,10,100.0
2008,3,12.0,11,11,100.0
2008,4,119.0,10,10,100.0
2008,5,144.0,10,10,100.0
2008,6,86.0,9,9,100.0
2008,7,49.0,10,10,100.0
2008,8,76.0,10,10,100.0
2008,9,8.0,11,11,100.0
2008,10,15.0,10,10,100.0
2008,11,50.0,10,10,100.0
2008,12,24.0,10,10,100.0
2008,13,37.0,10,10,100.0
2008,14,4.0,10,10,100.0
2008,15,54.0,11,11,100.0
2008,16,10.0,10,10,100.0
2008,17,38.0,10,10,100.0
2008,18,6.0,10,10,100.0
2008,19,0.2,10,10,100.0
2008,20,0.0,10,10,100.0
2008,21,0.0,11,11,100.0
2008,22,19.0,10,10,100.0
2008,23,9.0,10,10,100.0
2008,24,45.0,11,11,100.0
2008,25,0.0,10,10,100.0
2008,26,7.0,10,10,100.0
2008,27,26.0,10,10,100.0
2008,28,2.0,10,10,100.0
2008,29,6.0,10,10,100.0
2008,30,63.0,11,11,100.0
2008,31,55.0,10,10,100.0
2008,32,80.0,10,10,100.0
2008,33,110.0,10,10,100.0
2008,34,34.0,10,10,100.0
2008,35,44.0,10,10,100.0
2008,36,47.0,11,11,100.0
2009,1,74.0,10,10,100.0
2009,2,114.0,10,10,100.0
2009,3,151.0,11,11,100.0
2009,4,175.0,10,10,100.0
2009,5,66.0,10,10,100.0
2009,6,65.0,8,8,100.0
2009,7,41.0,10,10,100.0
2009,8,77.0,10,10,100.0
2009,9,13.0,11,11,100.0
2009,10,71.0,10,10,100.0
2009,11,23.0,10,10,100.0
2009,12,19.0,10,10,100.0
2009,13,65.0,10,10,100.0
2009,14,37.0,10,10,100.0
2009,15,0.0,11,11,100.0
2009,16,0.0,10,10,100.0
2009,17,10.0,10,10,100.0
2009,18,19.1,10,10,100.0
2009,19,0.0,10,10,100.0
2009,20,0.0,10,10,100.0
2009,21,3.1,11,11,100.0
2009,22,0.0,10,10,100.0
2009,23,0.0,10,10,100.0
2009,24,2.0,11,11,100.0
2009,25,0.0,10,10,100.0
2009,26,17.0,10,10,100.0
2009,27,0.0,10,10,100.0
2009,28,5.0,10,10,100.0
2009,29,15.0,10,10,100.0
2009,30,0.0,11,11,100.0
2009,31,71.0,10,10,100.0
2009,32,106.0,10,10,100.0
2009,33,102.0,10,10,100.0
2009,34,18.0,10,10,100.0
2009,35,10.0,10,10,100.0
2009,36,17.0,11,11,100.0
2010,1,58.0,10,10,100.0
2010,2,113.0,10,10,100.0
2010,3,151.0,11,11,100.0
2010,4,15.0,10,10,100.0
2010,5,119.0,10,10,100.0
2010,6,61.0,8,8,100.0
2010,7,43.0,10,10,100.0
2010,8,29.0,10,10,100.0
2010,9,94.0,11,11,100.0
2010,10,7.0,10,10,100.0
2010,11,62.0,10,10,100.0
2010,12,3.0,10,10,100.0
2010,13,2.3,10,10,100.0
2010,14,60.0,10,10,100.0
2010,15,51.0,11,11,100.0
2010,16,86.0,10,10,100.0
2010,17,16.0,10,10,100.0
2010,18,65.0,10,10,100.0
2010,19,31.0,10,10,100.0
2010,20,125.0,10,10,100.0
2010,21,52.0,11,11,100.0
2010,22,33.0,10,10,100.0
2010,23,69.0,10,10,100.0
2010,24,21.0,11,11,100.0
2010,25,111.0,10,10,100.0
2010,26,102.0,10,10,100.0
2010,27,115.0,10,10,100.0
2010,28,111.7,10,10,100.0
2010,29,21.2,10,10,100.0
2010,30,53.0,11,11,100.0
2010,31,3.0,10,10,100.0
2010,32,39.0,10,10,100.0
2010,33,106.0,10,10,100.0
2010,34,24.0,10,10,100.0
2010,35,47.0,10,10,100.0
2010,36,38.0,11,11,100.0
2011,1,127.0,10,10,100.0
2011,2,37.0,10,10,100.0
2011,3,79.0,11,11,100.0
2011,4,47.0,10,10,100.0
2011,5,4.0,10,10,100.0
2011,6,40.0,8,8,100.0
2011,7,68.0,10,10,100.0
2011,8,85.0,10,10,100.0
2011,9,51.4,11,11,100.0
2011,10,80.0,10,10,100.0
2011,11,1.0,10,10,100.0
2011,12,26.0,10,10,100.0
2011,13,53.3,10,10,100.0
2011,14,10.0,10,10,100.0
2011,15,22.0,11,11,100.0
2011,16,12.0,10,10,100.0
2011,17,3.0,10,10,100.0
2011,18,23.0,10,10,100.0
2011,19,30.0,10,10,100.0
2011,20,3.0,10,10,100.0
2011,21,46.0,11,11,100.0
2011,22,0.0,10,10,100.0
2011,23,0.0,10,10,100.0
2011,24,0.0,11,11,100.0
2011,25,1.1,10,10,100.0
2011,26,31.0,10,10,100.0
2011,27,0.0,10,10,100.0
2011,28,23.0,10,10,100.0
2011,29,5.0,10,10,100.0
2011,30,43.0,11,11,100.0
2011,31,7.0,10,10,100.0
2011,32,7.0,10,10,100.0
2011,33,65.0,10,10,100.0
2011,34,34.0,10,10,100.0
2011,35,19.0,10,10,100.0
2011,36,59.0,11,11,100.0
2012,1,144.0,10,10,100.0
2012,2,73.0,10,10,100.0
2012,3,85.0,11,11,100.0
2012,4,52.0,10,10,100.0
2012,5,78.0,10,10,100.0
2012,6,61.0,9,9,100.0
2012,7,55.0,10,10,100.0
2012,8,31.0,10,10,100.0
2012,9,5.0,11,11,100.0
2012,10,112.0,10,10,100.0
2012,11,51.0,10,10,100.0
2012,12,21.0,10,10,100.0
2012,13,70.0,10,10,100.0
2012,14,0.0,10,10,100.0
2012,15,28.0,11,11,100.0
2012,16,34.0,10,10,100.0
2012,17,0.0,10,10,100.0
2012,18,2.0,10,10,100.0
2012,19,15.0,10,10,100.0
2012,20,1.0,10,10,100.0
2012,21,0.0,11,11,100.0
2012,22,0.0,10,10,100.0
2012,23,0.0,10,10,100.0
2012,24,0.0,11,11,100.0
2012,25,0.0,10,10,100.0
2012,26,7.0,10,10,100.0
2012,27,0.0,10,10,100.0
2012,28,8.0,10,10,100.0
2012,29,40.4,10,10,100.0
2012,30,78.0,11,11,100.0
2012,31,4.0,10,10,100.0
2012,32,19.0,10,10,100.0
2012,33,27.8,10,10,100.0
2012,34,44.8,10,10,100.0
2012,35,15.2,10,10,100.0
2012,36,35.0,11,11,100.0
2013,1,114.0,10,10,100.0
2013,2,211.0,10,10,100.0
2013,3,99.0,11,11,100.0
2013,4,81.6,10,10,100.0
2013,5,93.8,10,10,100.0
2013,6,36.6,8,8,100.0
2013,7,175.0,10,10,100.0
2013,8,45.0,10,10,100.0
2013,9,4.0,11,11,100.0
2013,10,67.3,10,10,100.0
2013,11,12.8,10,10,100.0
2013,12,23.5,10,10,100.0
2013,13,117.0,10,10,100.0
2013,14,62.0,10,10,100.0
2013,15,82.0,11,11,100.0
2013,16,12.0,10,10,100.0
2013,17,41.0,10,10,100.0
2013,18,7.0,10,10,100.0
2013,19,113.9,10,10,100.0
2013,20,109.0,10,10,100.0
2013,21,20.7,11,11,100.0
2013,22,35.8,10,10,100.0
2013,23,86.0,10,10,100.0
2013,24,0.0,11,11,100.0
2013,25,16.0,10,10,100.0
2013,26,12.0,10,10,100.0
2013,27,7.0,10,10,100.0
2013,28,70.4,10,10,100.0
2013,29,4.5,10,10,100.0
2013,30,8.6,11,11,100.0
2013,31,28.0,10,10,100.0
2013,32,115.0,10,10,100.0
2013,33,6.0,10,10,100.0
2013,34,88.0,10,10,100.0
2013,35,170.0,10,10,100.0
2013,36,123.0,11,11,100.0
2014,1,118.3,10,10,100.0
2014,2,155.0,10,10,100.0
2014,3,103.0,11,11,100.0
2014,4,89.0,10,10,100.0
2014,5,49.7,10,10,100.0
2014,6,73.3,8,8,100.0
2014,7,14.0,10,10,100.0
2014,8,69.3,10,10,100.0
2014,9,19.299999999999997,11,11,100.0
2014,10,16.6,10,10,100.0
2014,11,4.7,10,10,100.0
2014,12,50.599999999999994,10,10,100.0
2014,13,0.9,10,10,100.0
2014,14,27.5,10,10,100.0
2014,15,84.7,11,11,100.0
2014,16,3.9,10,10,100.0
2014,17,33.0,10,10,100.0
2014,18,27.8,10,10,100.0
2014,19,65.3,10,10,100.0
2014,20,139.3,10,10,100.0
2014,21,28.0,11,11,100.0
2014,22,0.0,10,10,100.0
2014,23,9.6,10,10,100.0
2014,24,0.0,11,11,100.0
2014,25,5.4,10,10,100.0
2014,26,16.4,10,10,100.0
2014,27,0.0,10,10,100.0
2014,28,0.0,10,10,100.0
2014,29,0.0,10,10,100.0
2014,30,21.0,11,11,100.0
2014,31,7.0,10,10,100.0
2014,32,60.6,10,10,100.0
2014,33,87.4,10,10,100.0
2014,34,45.7,10,10,100.0
2014,35,21.5,10,10,100.0
2014,36,71.7,11,11,100.0
2015,1,182.9,10,10,100.0
2015,2,131.5,10,10,100.0
2015,3,48.3,11,11,100.0
2015,4,153.8,10,10,100.0
2015,5,54.3,10,10,100.0
2015,6,33.3,8,8,100.0
2015,7,109.19999999999999,10,10,100.0
2015,8,36.2,10,10,100.0
2015,9,48.10000000000001,11,11,100.0
2015,10,8.4,10,10,100.0
2015,11,39.9,10,10,100.0
2015,12,82.4,10,10,100.0
2015,13,26.5,10,10,100.0
2015,14,12.6,10,10,100.0
2015,15,0.0,11,11,100.0
2015,16,83.2,10,10,100.0
2015,17,0.2,10,10,100.0
2015,18,0.0,10,10,100.0
2015,19,0.0,10,10,100.0
2015,20,4.2,10,10,100.0
2015,21,0.5,11,11,100.0
2015,22,2.2,10,10,100.0
2015,23,2.0,10,10,100.0
2015,24,7.5,11,11,100.0
2015,25,0.2,10,10,100.0
2015,26,0.0,10,10,100.0
2015,27,0.0,10,10,100.0
2015,28,28.5,10,10,100.0
2015,29,4.2,10,10,100.0
2015,30,0.5,11,11,100.0
2015,31,5.5,10,10,100.0
2015,32,1.6,10,10,100.0
2015,33,47.0,10,10,100.0
2015,34,35.400000000000006,10,10,100.0
2015,35,108.10000000000001,10,10,100.0
2015,36,11.9,11,11,100.0
2016,1,2.8,10,10,100.0
2016,2,16.1,10,10,100.0
2016,3,107.0,11,11,100.0
2016,4,99.1,10,10,100.0
2016,5,32.6,10,10,100.0
2016,6,140.2,9,9,100.0
2016,7,88.1,10,10,100.0
2016,8,53.1,10,10,100.0
2016,9,87.6,11,11,100.0
2016,10,16.1,10,10,100.0
2016,11,52.4,10,10,100.0
2016,12,19.5,10,10,100.0
2016,13,86.2,10,10,100.0
2016,14,3.5,10,10,100.0
2016,15,53.6,11,11,100.0
2016,16,23.9,10,10,100.0
2016,17,64.8,10,10,100.0
2016,18,4.3,10,10,100.0
2016,19,57.3,10,10,100.0
2016,20,69.0,10,10,100.0
2016,21,8.5,11,11,100.0
2016,22,13.200000000000001,10,10,100.0
2016,23,20.9,10,10,100.0
2016,24,52.5,11,11,100.0
2016,25,39.800000000000004,10,10,100.0
2016,26,64.7,10,10,100.0
2016,27,54.4,10,10,100.0
2016,28,48.4,10,10,100.0
2016,29,19.0,10,10,100.0
2016,30,96.0,11,11,100.0
2016,31,0.0,10,10,100.0
2016,32,95.5,10,10,100.0
2016,33,42.5,10,10,100.0
2016,34,129.8,10,10,100.0
2016,35,17.2,10,10,100.0
2016,36,31.8,11,11,100.0
2017,1,132.3,10,10,100.0
2017,2,107.6,10,10,100.0
2017,3,81.10000000000001,11,11,100.0
2017,4,49.0,10,10,100.0
2017,5,188.2,10,10,100.0
2017,6,113.9,8,8,100.0
2017,7,17.3,10,10,100.0
2017,8,15.7,10,10,100.0
2017,9,80.5,11,11,100.0
2017,10,27.2,10,10,100.0
2017,11,28.299999999999997,10,10,100.0
2017,12,38.0,10,10,100.0
2017,13,122.4,10,10,100.0
2017,14,0.3,10,10,100.0
2017,15,20.1,11,11,100.0
2017,16,2.6,10,10,100.0
2017,17,45.6,10,10,100.0
2017,18,52.6,10,10,100.0
2017,19,53.2,10,10,100.0
2017,20,0.2,10,10,100.0
2017,21,53.8,11,11,100.0
2017,22,0.0,10,10,100.0
2017,23,18.1,10,10,100.0
2017,24,0.0,11,11,100.0
2017,25,11.8,10,10,100.0
2017,26,0.0,10,10,100.0
2017,27,35.699999999999996,10,10,100.0
2017,28,25.7,10,10,100.0
2017,29,66.2,10,10,100.0
2017,30,20.4,11,11,100.0
2017,31,13.7,10,10,100.0
2017,32,70.8,10,10,100.0
2017,33,69.0,10,10,100.0
2017,34,105.9,10,10,100.0
2017,35,72.3,10,10,100.0
2017,36,64.19999999999999,11,11,100.0
2018,1,24.5,10,10,100.0
2018,2,80.5,10,10,100.0
2018,3,36.5,11,11,100.0
2018,4,71.1,10,10,100.0
2018,5,57.699999999999996,10,10,100.0
2018,6,48.8,8,8,100.0
2018,7,76.8,10,10,100.0
2018,8,79.19999999999999,10,10,100.0
2018,9,65.60000000000001,11,11,100.0
2018,10,32.8,10,10,100.0
2018,11,18.0,10,10,100.0
2018,12,102.2,10,10,100.0
2018,13,7.699999999999999,10,10,100.0
2018,14,23.200000000000003,10,10,100.0
2018,15,39.3,11,11,100.0
2018,16,37.7,10,10,100.0
2018,17,35.4,10,10,100.0
2018,18,123.1,10,10,100.0
2018,19,3.0,10,10,100.0
2018,20,0.0,10,10,100.0
2018,21,0.0,11,11,100.0
2018,22,0.0,10,10,100.0
2018,23,0.0,10,10,100.0
2018,24,0.0,11,11,100.0
2018,25,23.7,10,10,100.0
2018,26,0.0,10,10,100.0
2018,27,6.2,10,10,100.0
2018,28,0.0,10,10,100.0
2018,29,37.0,10,10,100.0
2018,30,50.3,11,11,100.0
2018,31,31.9,10,10,100.0
2018,32,35.2,10,10,100.0
2018,33,49.0,10,10,100.0
2018,34,33.4,10,10,100.0
2018,35,40.2,10,10,100.0
2018,36,94.1,11,11,100.0
2019,1,117.3,10,10,100.0
2019,2,78.1,10,10,100.0
2019,3,135.8,11,11,100.0
2019,4,40.5,10,10,100.0
2019,5,122.1,10,10,100.0
2019,6,17.7,8,8,100.0
2019,7,75.10000000000001,10,10,100.0
2019,8,110.1,10,10,100.0
2019,9,24.5,11,11,100.0
2019,10,18.3,10,10,100.0
2019,11,73.8,10,10,100.0
2019,12,57.9,10,10,100.0
2019,13,25.5,10,10,100.0
2019,14,18.4,10,10,100.0
2019,15,49.400000000000006,11,11,100.0
2019,16,3.6,10,10,100.0
2019,17,6.199999999999999,10,10,100.0
2019,18,0.0,10,10,100.0
2019,19,11.2,10,10,100.0
2019,20,3.2,10,10,100.0
2019,21,0.0,11,11,100.0
2019,22,0.0,10,10,100.0
2019,23,0.0,10,10,100.0
2019,24,1.0,11,11,100.0
2019,25,0.0,10,10,100.0
2019,26,0.0,10,10,100.0
2019,27,0.0,10,10,100.0
2019,28,0.0,10,10,100.0
2019,29,11.2,10,10,100.0
2019,30,0.0,11,11,100.0
2019,31,22.200000000000003,10,10,100.0
2019,32,44.8,10,10,100.0
2019,33,7.6,10,10,100.0
2019,34,66.3,10,10,100.0
2019,35,14.100000000000001,10,10,100.0
2019,36,98.2,11,11,100.0
2020,1,150.6,10,10,100.0
2020,2,42.2,10,10,100.0
2020,3,175.3,11,11,100.0
2020,4,126.4,10,10,100.0
2020,5,84.19999999999999,10,10,100.0
2020,6,86.3,9,9,100.0
2020,7,78.0,10,10,100.0
2020,8,77.9,10,10,100.0
2020,9,131.0,11,11,100.0
2020,10,106.0,10,10,100.0
2020,11,13.1,10,10,100.0
2020,12,82.7,10,10,100.0
2020,13,52.1,10,10,100.0
2020,14,105.2,10,10,100.0
2020,15,28.099999999999998,11,11,100.0
2020,16,14.4,10,10,100.0
2020,17,43.5,10,10,100.0
2020,18,22.0,10,10,100.0
2020,19,7.1,10,10,100.0
2020,20,5.8,10,10,100.0
2020,21,17.8,11,11,100.0
2020,22,0.0,10,10,100.0
2020,23,25.3,10,10,100.0
2020,24,3.5,11,11,100.0
2020,25,0.0,10,10,100.0
2020,26,9.8,10,10,100.0
2020,27,45.599999999999994,10,10,100.0
2020,28,11.3,10,10,100.0
2020,29,2.4000000000000004,10,10,100.0
2020,30,47.400000000000006,11,11,100.0
2020,31,56.4,10,10,100.0
2020,32,18.0,10,10,100.0
2020,33,72.7,10,10,100.0
2020,34,176.4,10,10,100.0
2020,35,38.8,10,10,100.0
2020,36,41.4,11,11,100.0
2021,1,42.2,10,10,100.0
2021,2,31.7,10,10,100.0
2021,3,124.2,11,11,100.0
2021,4,152.4,10,10,100.0
2021,5,76.5,10,10,100.0
2021,6,54.3,8,8,100.0
2021,7,63.8,10,10,100.0
2021,8,36.3,10,10,100.0
2021,9,19.2,11,11,100.0
2021,10,146.79999999999998,10,10,100.0
2021,11,70.0,10,10,100.0
2021,12,17.0,10,10,100.0
2021,13,8.3,10,10,100.0
2021,14,6.6,10,10,100.0
2021,15,33.9,11,11,100.0
2021,16,70.5,10,10,100.0
2021,17,17.3,10,10,100.0
2021,18,39.6,10,10,100.0
2021,19,0.0,10,10,100.0
2021,20,6.6,10,10,100.0
2021,21,38.0,11,11,100.0
2021,22,19.599999999999998,10,10,100.0
2021,23,1.0,10,10,100.0
2021,24,10.7,11,11,100.0
2021,25,25.799999999999997,10,10,100.0
2021,26,158.5,10,10,100.0
2021,27,23.200000000000003,10,10,100.0
2021,28,0.0,10,10,100.0
2021,29,65.10000000000001,10,10,100.0
2021,30,25.0,11,11,100.0
2021,31,63.5,10,10,100.0
2021,32,34.800000000000004,10,10,100.0
2021,33,109.10000000000001,10,10,100.0
2021,34,98.4,10,10,100.0
2021,35,19.1,10,10,100.0
2021,36,118.2,11,11,100.0
2022,1,7.4,10,10,100.0
2022,2,83.1,10,10,100.0
2022,3,18.6,11,11,100.0
2022,4,37.5,10,10,100.0
2022,5,11.5,10,10,100.0
2022,6,72.0,8,8,100.0
2022,7,257.9,10,10,100.0
2022,8,8.600000000000001,10,10,100.0
2022,9,22.5,11,11,100.0
2022,10,0.8,10,10,100.0
2022,11,68.0,10,10,100.0
2022,12,115.7,10,10,100.0
2022,13,57.6,10,10,100.0
2022,14,51.0,10,10,100.0
2022,15,83.0,11,11,100.0
2022,16,34.5,10,10,100.0
2022,17,53.1,10,10,100.0
2022,18,27.0,10,10,100.0
2022,19,6.9,10,10,100.0
2022,20,29.900000000000002,10,10,100.0
2022,21,6.3,11,11,100.0
2022,22,10.3,10,10,100.0
2022,23,61.2,10,10,100.0
2022,24,29.6,11,11,100.0
2022,25,16.1,10,10,100.0
2022,26,0.8,10,10,100.0
2022,27,39.7,10,10,100.0
2022,28,145.0,10,10,100.0
2022,29,0.1,10,10,100.0
2022,30,55.3,11,11,100.0
2022,31,45.7,10,10,100.0
2022,32,107.0,10,10,100.0
2022,33,4.0,10,10,100.0
2022,34,28.5,10,10,100.0
2022,35,21.0,10,10,100.0
2022,36,103.0,11,11,100.0
2023,1,30.7,10,10,100.0
2023,2,11.1,10,10,100.0
2023,3,106.89999999999999,11,11,100.0
2023,4,54.50000000000001,10,10,100.0
2023,5,109.80000000000001,10,10,100.0
2023,6,146.6,8,8,100.0
2023,7,119.1,10,10,100.0
2023,8,154.5,10,10,100.0
2023,9,2.9000000000000004,11,11,100.0
2023,10,52.0,10,10,100.0
2023,11,77.10000000000001,10,10,100.0
2023,12,1.0,10,10,100.0
2023,13,60.9,10,10,100.0
2023,14,0.0,10,10,100.0
2023,15,8.2,11,11,100.0
2023,16,4.8999999999999995,10,10,100.0
2023,17,102.60000000000001,10,10,100.0
2023,18,43.800000000000004,10,10,100.0
2023,19,52.199999999999996,10,10,100.0
2023,20,14.8,10,10,100.0
2023,21,22.0,11,11,100.0
2023,22,0.0,10,10,100.0
2023,23,0.0,10,10,100.0
2023,24,0.0,11,11,100.0
2023,25,0.0,10,10,100.0
2023,26,0.0,10,10,100.0
2023,27,0.5,10,10,100.0
2023,28,0.0,10,10,100.0
2023,29,0.0,10,10,100.0
2023,30,0.0,11,11,100.0
2023,31,24.8,10,10,100.0
2023,32,30.0,10,10,100.0
2023,33,83.4,10,10,100.0
2023,34,39.5,10,10,100.0
2023,35,0.0,10,10,100.0
2023,36,38.3,11,11,100.0
2024,1,116.3,10,10,100.0
2024,2,161.4,10,10,100.0
2024,3,90.8,11,11,100.0
2024,4,50.5,10,10,100.0
2024,5,78.4,10,10,100.0
2024,6,68.4,9,9,100.0
2024,7,78.4,10,10,100.0
2024,8,101.9,10,10,100.0
2024,9,130.2,11,11,100.0
2024,10,35.5,10,10,100.0
2024,11,86.3,10,10,100.0
2024,12,41.9,10,10,100.0
2024,13,106.7,10,10,100.0
2024,14,78.4,10,10,100.0
2024,15,120.0,11,11,100.0
2024,16,13.9,10,10,100.0
2024,17,52.800000000000004,10,10,100.0
2024,18,62.800000000000004,10,10,100.0
2024,19,59.2,10,10,100.0
2024,20,0.0,10,10,100.0
2024,21,0.1,11,11,100.0
2024,22,4.9,10,10,100.0
2024,23,2.0,10,10,100.0
2024,24,0.0,11,11,100.0
2024,25,0.0,10,10,100.0
2024,26,32.4,10,10,100.0
2024,27,39.8,10,10,100.0
2024,28,14.5,10,10,100.0
2024,29,63.00000000000001,10,10,100.0
2024,30,20.6,11,11,100.0
2024,31,25.900000000000002,10,10,100.0
2024,32,77.8,10,10,100.0
2024,33,65.0,10,10,100.0
2024,34,176.1,10,10,100.0
2024,35,62.8,10,10,100.0
2024,36,93.9,11,11,100.0
