Tahun,D01,D02,D03,D04,D05,D06,D07,D08,D09,D10,D11,D12,D13,D14,D15,D16,D17,D18,D19,D20,D21,D22,D23,D24,D25,D26,D27,D28,D29,D30,D31,D32,D33,D34,D35,D36,Tipologi
1995,98.88351,244.67766,103.54652,140.24426,123.221695,22.187546,76.51517,49.345142,79.655815,92.56115,25.680714,89.91498,55.561222,4.454796,57.839607,26.03323,37.736675,42.978176,70.77931,21.435337,52.376186,12.859476,0.0,0.0,9.197508,2.4008389,40.564102,14.208585,32.21245,24.276598,32.06202,27.245554,174.92813,89.5567,91.00167,16.11161,2
1996,136.2132,47.58985,93.22224,124.490585,55.37365,194.51549,95.48731,42.12154,78.06814,0.0,31.61151,211.92863,5.310585,20.866278,185.25743,14.909087,73.9185,16.764217,1.4524994,15.782982,0.0,76.91519,43.20203,9.696467,68.76472,0.0,6.941348,77.00601,22.24772,125.67082,160.34868,13.82756,57.74748,56.030388,147.08398,72.955696,1
1997,126.20503,81.970985,123.21525,64.52618,73.28121,35.028168,69.220314,55.227066,16.834087,61.252197,103.456314,31.249754,64.9674,46.76409,19.555044,4.47324,0.0,5.5642624,6.3182697,0.0,1.2094164,0.65592194,2.547614,0.40067196,0.0,3.7646942,0.0,12.198238,9.352323,12.080894,21.110914,22.466108,22.636776,37.430325,22.781616,12.507854,1
1998,55.00832,26.237522,116.30148,42.301685,132.45827,74.231445,89.79296,45.531624,79.045105,0.0,70.609276,22.118088,131.75859,90.042564,22.055775,18.474499,37.228657,40.48542,22.872852,6.9319305,4.2840595,2.5264645,17.29999,35.007904,7.06936,33.02744,25.97035,53.865044,84.16077,37.651283,23.287367,91.48006,0.0,92.05443,22.708803,125.33806,2
1999,212.69324,80.75372,277.01465,66.64492,28.56102,135.67415,35.09204,49.541393,18.314983,79.49811,15.061516,0.0,16.187267,9.064562,17.48261,11.550404,29.240105,17.3947,39.065876,18.17765,4.940093,10.4994755,4.736142,0.0,0.0,0.0,20.715748,6.6857605,39.46143,237.67151,41.971424,26.493376,9.781448,31.424627,100.89339,110.052704,1
2000,71.101814,126.77835,101.968414,137.01901,124.40854,14.118217,75.704445,36.573864,61.970924,32.968006,27.850788,76.42867,59.754303,23.255186,32.167065,38.431015,8.4589615,19.073006,25.904423,27.650515,21.384123,6.012162,0.0,3.247735,14.844671,6.5703526,17.124432,36.504063,28.094648,20.089672,11.881989,28.48876,66.79476,28.846102,59.31241,73.50031,1
2001,55.363884,80.79097,133.04268,114.13491,101.66789,51.82346,48.584312,32.65846,51.54648,40.034515,41.272594,33.53611,22.817644,20.653915,34.36253,65.66533,15.57938,28.867846,14.600389,73.19502,25.527786,22.306797,17.943804,8.192487,52.866962,49.617607,33.387486,50.302586,24.862026,41.862633,16.096855,37.82777,63.334644,12.61964,44.9231,68.4498,1
2002,77.97718,72.592125,187.62988,180.88057,148.63669,47.565254,56.34064,33.06935,57.045437,127.431854,43.260056,28.960947,68.07149,22.724943,0.0,36.17103,65.0893,0.0,34.99347,76.92856,24.19638,0.0,0.0,0.7570534,0.0,0.0,7.6771393,1.9863434,0.0,10.642124,0.49373055,14.802219,89.92951,48.39964,42.512997,23.74784,2
2003,63.26651,23.52473,37.255203,97.30797,92.82763,74.21032,80.60813,96.44209,20.351883,0.0,0.0,43.78081,36.670746,11.727206,51.296772,20.10719,11.785223,16.240152,6.172409,21.958313,0.0,3.6557746,4.04348,15.607911,5.8384647,18.769722,0.0,17.6489,17.818632,18.07314,24.720325,62.488842,7.987789,7.875332,35.92055,160.88022,1
2004,61.64481,96.858376,94.552,129.74255,125.464966,16.849236,86.19729,30.462984,27.931883,7.3218307,19.741539,62.241302,68.91695,32.07087,31.177303,31.923069,0.7164326,3.1070442,23.59822,46.32297,4.67591,6.1135993,2.2462416,5.3522477,8.7733555,5.556862,0.0,40.11181,27.615498,7.9298706,7.062395,42.947605,3.552719,0.0,66.6042,127.919464,1
2005,56.610104,61.000404,148.80577,91.69035,54.05008,167.68889,43.038357,46.42782,81.68465,33.64878,30.45357,32.2134,42.008896,0.0,61.8182,40.07662,81.30305,11.163101,52.912903,98.90347,6.3426647,29.443665,10.349215,12.750565,35.317013,26.66056,7.184621,26.260069,34.971054,101.26545,20.310205,42.819668,28.784658,38.46713,71.851585,68.67407,1
2006,56.13226,81.73447,70.85771,100.845,15.919861,73.07449,68.00612,108.52826,97.2137,29.867126,0.0,70.48292,21.216413,9.221182,65.860504,27.278349,3.964264,22.439346,11.052412,3.1348476,11.255585,0.0,0.0,0.0,6.279544,12.39994,2.9560947,2.1421013,5.54105,30.665369,13.556693,16.373997,27.635561,61.250034,19.985945,86.55709,1
2007,80.23464,79.46825,115.53758,139.33609,95.208275,35.06066,76.69138,47.942375,90.94048,38.877636,19.873407,79.025085,65.62747,39.232895,33.13195,33.45502,12.607437,8.85173,13.825969,22.548523,10.66864,1.116046,4.3697014,7.705223,8.341553,0.0,16.072556,33.261944,12.714367,32.624794,12.807837,24.434381,34.050797,56.93069,46.83416,69.993416,1
2008,175.49174,15.759514,37.57785,121.08499,143.61205,89.057724,39.19864,69.825,0.0,39.274574,47.757538,27.25795,43.02968,3.8352604,35.02871,6.6162395,34.775055,17.094307,0.0,0.0,0.0,15.933421,9.303957,41.664055,6.0286674,13.9269085,27.090982,3.5906086,9.137292,63.34511,65.12591,90.67632,115.15362,35.66107,45.98483,64.46564,1
2009,122.31962,96.965675,93.8943,96.94348,83.01001,62.167217,36.233807,61.084023,28.596397,57.108334,53.261883,30.01921,49.79509,17.580933,33.011036,13.234833,10.527967,20.877272,9.281534,0.0,7.5785313,4.4939437,0.0,8.872771,1.4134626,7.8711195,4.560211,0.0,21.636698,41.42164,33.9366,45.856663,68.29482,39.604362,33.755436,45.635117,1
2010,63.93405,85.25253,155.76836,45.11063,115.69186,50.19465,64.53295,30.909107,71.84019,26.764513,82.76057,0.0,24.978603,47.327553,38.10748,93.86714,22.52386,59.348366,30.256319,112.04382,47.943005,41.869865,63.95732,23.67308,111.15272,88.39934,109.55824,116.35749,22.995756,66.37646,7.287079,67.04624,100.27888,38.454372,50.35474,14.632526,2
2011,70.66327,81.97669,94.49736,81.16678,38.678406,62.273167,67.90871,98.23148,69.28876,37.907585,27.166077,46.20573,36.145004,14.925419,41.828094,21.152622,6.2478466,17.928934,16.49155,6.417448,9.884459,0.0,0.0,0.0,3.0755014,7.2809067,0.62771606,3.6789646,5.918791,24.332712,4.2819138,16.019756,24.709463,45.095547,18.726751,63.7632,1
2012,125.1087,98.35244,116.17521,97.64247,72.18442,47.75658,36.701015,46.30602,28.522512,66.46744,65.96689,24.792288,56.221912,29.472393,23.572084,13.969619,0.49912834,10.429846,7.4568615,3.615467,3.9160318,1.761673,0.0,5.091409,0.0,9.006914,0.0,0.0,18.837437,35.694534,24.581501,37.08855,43.53256,39.474255,30.600597,34.56149,1
2013,118.3058,215.11026,95.65724,62.248898,96.20685,46.416775,152.58318,52.5275,8.572823,49.213013,5.325329,22.037088,101.39523,68.27733,91.75549,0.33428764,39.074577,8.680133,115.79121,127.23581,22.965166,29.748623,82.500336,0.0,17.365185,12.774916,12.776236,63.180023,0.0,0.74368286,20.461401,110.77138,17.146706,91.19627,155.71313,127.54643,2
2014,76.09888,145.42992,111.54616,123.58033,95.60369,54.84046,76.09567,41.448803,29.24327,58.343052,13.38817,44.728893,47.297424,20.892612,56.907455,30.016434,27.668903,15.011194,51.405716,75.27092,21.309977,18.877115,20.365158,0.0,16.432661,22.8226,0.0,23.137032,20.349518,19.37603,25.712982,51.600006,53.025417,37.64226,85.94307,102.47635,1
2015,73.64935,100.378006,98.37805,155.75497,96.82314,17.086754,75.33354,40.69439,79.594284,28.520687,11.386881,87.560394,54.071903,17.704674,31.993057,39.892273,1.6123352,0.0,14.723132,33.202892,9.629815,0.7766514,0.0,3.6503701,11.314529,0.0,9.338207,34.694904,1.8886681,25.71804,0.0,15.046028,36.902546,22.47432,54.254807,65.578285,1
2016,47.85776,37.322083,71.93533,68.191956,20.97953,140.86456,78.3766,55.38837,135.13547,19.740206,48.00698,15.435547,66.29516,6.055874,61.215843,45.034714,70.79463,11.353725,51.82377,82.66552,6.25428,14.600499,22.711468,40.76337,31.30378,67.58326,52.17022,50.3852,32.781376,76.81052,0.0,85.97668,33.232048,115.80482,24.487347,34.05152,1
2017,79.66646,152.60544,103.1683,84.22521,118.611084,59.541664,85.40942,52.186512,91.948395,46.43157,47.380066,55.861107,102.24088,42.835342,45.935127,16.6819,47.55841,43.195625,58.358757,14.342354,29.722263,6.890077,9.602511,13.025244,4.0847178,12.306349,37.16389,29.874292,58.315468,36.342594,25.64077,64.6255,92.34738,108.02559,60.25212,57.01396,2
2018,73.67927,85.325806,50.714115,95.82102,57.754646,85.87211,54.589478,106.66148,67.04247,29.283566,4.023052,54.222256,27.131155,0.0,60.41198,21.246496,20.261002,34.64492,13.955081,0.0,14.313137,1.4104671,0.0,6.341775,6.948306,11.491517,10.853513,0.0,17.056152,37.770134,29.274462,42.06207,73.456314,50.90169,25.359037,84.0399,1
2019,92.813446,72.2326,102.210205,55.250813,61.84526,58.922886,78.210434,91.559845,36.091686,43.641357,72.40048,36.905373,49.80387,28.416998,32.655067,8.366171,11.671299,17.208248,14.515982,0.0,6.908036,0.0,0.0,0.0,1.606966,4.518053,0.0,9.977659,7.645899,13.006487,15.405682,20.060978,28.57079,39.288864,17.589682,39.634895,1
2020,125.47318,35.809433,187.99667,143.12918,67.98395,76.41548,71.77982,77.79401,140.42317,116.89045,19.907225,84.872604,62.186676,91.32318,45.03834,19.213966,38.587784,26.68524,3.1537895,0.0,22.071623,2.7384787,26.618408,3.2765393,0.0,12.896795,37.14705,12.8190365,8.548684,55.012203,62.522766,13.737072,59.79023,170.01474,34.92093,50.52521,2
2021,40.479046,38.356354,106.97425,153.51793,86.75153,61.93198,37.198772,34.43111,35.16699,107.21003,52.933357,16.952053,0.0,15.209923,41.702374,69.26005,25.25145,42.82014,0.0,39.181145,39.869396,21.527317,0.0,11.111235,29.926493,148.77728,27.969902,8.126701,71.42258,5.180313,56.62653,53.185852,123.00535,81.722404,0.0,105.989624,1
2022,0.0,79.68308,23.577011,44.143913,10.924835,72.68853,256.6436,9.528233,16.78001,0.28608322,71.42418,116.92711,60.983086,46.411385,83.11294,32.688774,51.48404,27.07063,6.551594,23.143116,6.9322786,10.13447,61.244747,31.203182,17.479532,2.334425,38.986015,142.8135,0.0,59.113934,48.15175,105.829285,2.9125443,29.76046,22.080597,104.7848,1
2023,29.713669,12.786087,108.6067,25.48545,124.1037,135.54091,105.927605,151.68056,16.960857,61.453674,76.250305,6.3490562,49.79138,5.4048653,18.703533,1.9498978,101.828896,44.136517,45.58911,28.51862,25.30221,2.1598253,1.0267591,0.0,0.0,2.3436012,2.4132652,1.2212448,5.0944233,0.0,22.930897,32.467323,86.05694,42.38371,3.35569,62.717014,2
2024,78.19667,139.85269,103.46234,54.421993,115.68756,82.45245,90.80997,57.888775,104.35014,40.187645,58.529728,41.48303,126.68022,58.155693,47.672867,7.499611,62.23874,50.910545,65.97069,8.52623,27.188995,5.796966,16.06064,21.70467,0.0,16.338268,42.85003,31.478119,73.7879,44.18846,28.559917,84.85765,81.413055,137.79526,53.65596,61.184437,2
