Horizon_Hari,Model,Split,Decision_Rule,Threshold,TN,FP,FN,TP,Accuracy,Precision,Recall,F1_Score,POD,FAR,CSI,AUROC
1,Baseline_R1_ge_50,validation,R1 >= 50.0 mm,50.0,2141,24,24,2,0.9781,0.0769,0.0769,0.0769,0.0769,0.9231,0.04,
1,Baseline_R1_ge_50,test,R1 >= 50.0 mm,50.0,2113,35,35,0,0.9679,0.0,0.0,0.0,0.0,1.0,0.0,
1,Baseline_R3_ge_50,validation,R3 >= 50.0 mm,50.0,2006,159,21,5,0.9178,0.0305,0.1923,0.0526,0.1923,0.9695,0.027,
1,Baseline_R3_ge_50,test,R3 >= 50.0 mm,50.0,1980,168,33,2,0.9079,0.0118,0.0571,0.0195,0.0571,0.9882,0.0099,
1,Baseline_R5_ge_50,validation,R5 >= 50.0 mm,50.0,1834,331,18,8,0.8407,0.0236,0.3077,0.0438,0.3077,0.9764,0.0224,
1,Baseline_R5_ge_50,test,R5 >= 50.0 mm,50.0,1792,356,29,6,0.8236,0.0166,0.1714,0.0302,0.1714,0.9834,0.0153,
1,Baseline_R7_ge_50,validation,R7 >= 50.0 mm,50.0,1650,515,16,10,0.7576,0.019,0.3846,0.0363,0.3846,0.981,0.0185,
1,Baseline_R7_ge_50,test,R7 >= 50.0 mm,50.0,1594,554,23,12,0.7357,0.0212,0.3429,0.0399,0.3429,0.9788,0.0204,
1,Baseline_R10_ge_50,validation,R10 >= 50.0 mm,50.0,1356,809,11,15,0.6257,0.0182,0.5769,0.0353,0.5769,0.9818,0.018,
1,Baseline_R10_ge_50,test,R10 >= 50.0 mm,50.0,1323,825,17,18,0.6143,0.0214,0.5143,0.041,0.5143,0.9786,0.0209,
3,Baseline_R1_ge_50,validation,R1 >= 50.0 mm,50.0,2095,21,70,5,0.9585,0.1923,0.0667,0.099,0.0667,0.8077,0.0521,
3,Baseline_R1_ge_50,test,R1 >= 50.0 mm,50.0,2045,35,103,0,0.9368,0.0,0.0,0.0,0.0,1.0,0.0,
3,Baseline_R3_ge_50,validation,R3 >= 50.0 mm,50.0,1965,151,62,13,0.9028,0.0793,0.1733,0.1088,0.1733,0.9207,0.0575,
3,Baseline_R3_ge_50,test,R3 >= 50.0 mm,50.0,1916,164,97,6,0.8804,0.0353,0.0583,0.044,0.0583,0.9647,0.0225,
3,Baseline_R5_ge_50,validation,R5 >= 50.0 mm,50.0,1797,319,55,20,0.8293,0.059,0.2667,0.0966,0.2667,0.941,0.0508,
3,Baseline_R5_ge_50,test,R5 >= 50.0 mm,50.0,1736,344,85,18,0.8035,0.0497,0.1748,0.0774,0.1748,0.9503,0.0403,
3,Baseline_R7_ge_50,validation,R7 >= 50.0 mm,50.0,1622,494,44,31,0.7545,0.059,0.4133,0.1033,0.4133,0.941,0.0545,
3,Baseline_R7_ge_50,test,R7 >= 50.0 mm,50.0,1546,534,71,32,0.7229,0.0565,0.3107,0.0957,0.3107,0.9435,0.0502,
3,Baseline_R10_ge_50,validation,R10 >= 50.0 mm,50.0,1332,784,35,40,0.6262,0.0485,0.5333,0.089,0.5333,0.9515,0.0466,
3,Baseline_R10_ge_50,test,R10 >= 50.0 mm,50.0,1284,796,56,47,0.6097,0.0558,0.4563,0.0994,0.4563,0.9442,0.0523,
5,Baseline_R1_ge_50,validation,R1 >= 50.0 mm,50.0,2051,21,114,5,0.9384,0.1923,0.042,0.069,0.042,0.8077,0.0357,
5,Baseline_R1_ge_50,test,R1 >= 50.0 mm,50.0,1979,34,169,1,0.907,0.0286,0.0059,0.0098,0.0059,0.9714,0.0049,
5,Baseline_R3_ge_50,validation,R3 >= 50.0 mm,50.0,1925,147,102,17,0.8864,0.1037,0.1429,0.1201,0.1429,0.8963,0.0639,
5,Baseline_R3_ge_50,test,R3 >= 50.0 mm,50.0,1854,159,159,11,0.8543,0.0647,0.0647,0.0647,0.0647,0.9353,0.0334,
5,Baseline_R5_ge_50,validation,R5 >= 50.0 mm,50.0,1765,307,87,32,0.8202,0.0944,0.2689,0.1397,0.2689,0.9056,0.0751,
5,Baseline_R5_ge_50,test,R5 >= 50.0 mm,50.0,1682,331,139,31,0.7847,0.0856,0.1824,0.1165,0.1824,0.9144,0.0619,
5,Baseline_R7_ge_50,validation,R7 >= 50.0 mm,50.0,1593,479,73,46,0.7481,0.0876,0.3866,0.1429,0.3866,0.9124,0.0769,
5,Baseline_R7_ge_50,test,R7 >= 50.0 mm,50.0,1497,516,120,50,0.7087,0.0883,0.2941,0.1359,0.2941,0.9117,0.0729,
5,Baseline_R10_ge_50,validation,R10 >= 50.0 mm,50.0,1314,758,53,66,0.6298,0.0801,0.5546,0.14,0.5546,0.9199,0.0753,
5,Baseline_R10_ge_50,test,R10 >= 50.0 mm,50.0,1247,766,93,77,0.6065,0.0913,0.4529,0.152,0.4529,0.9087,0.0823,
7,Baseline_R1_ge_50,validation,R1 >= 50.0 mm,50.0,2009,20,156,6,0.9197,0.2308,0.037,0.0638,0.037,0.7692,0.033,
7,Baseline_R1_ge_50,test,R1 >= 50.0 mm,50.0,1913,34,235,1,0.8768,0.0286,0.0042,0.0074,0.0042,0.9714,0.0037,
7,Baseline_R3_ge_50,validation,R3 >= 50.0 mm,50.0,1887,142,140,22,0.8713,0.1341,0.1358,0.135,0.1358,0.8659,0.0724,
7,Baseline_R3_ge_50,test,R3 >= 50.0 mm,50.0,1792,155,221,15,0.8278,0.0882,0.0636,0.0739,0.0636,0.9118,0.0384,
7,Baseline_R5_ge_50,validation,R5 >= 50.0 mm,50.0,1731,298,121,41,0.8088,0.1209,0.2531,0.1637,0.2531,0.8791,0.0891,
7,Baseline_R5_ge_50,test,R5 >= 50.0 mm,50.0,1628,319,193,43,0.7655,0.1188,0.1822,0.1438,0.1822,0.8812,0.0775,
7,Baseline_R7_ge_50,validation,R7 >= 50.0 mm,50.0,1562,467,104,58,0.7394,0.1105,0.358,0.1689,0.358,0.8895,0.0922,
7,Baseline_R7_ge_50,test,R7 >= 50.0 mm,50.0,1454,493,163,73,0.6995,0.129,0.3093,0.182,0.3093,0.871,0.1001,
7,Baseline_R10_ge_50,validation,R10 >= 50.0 mm,50.0,1297,732,70,92,0.634,0.1117,0.5679,0.1866,0.5679,0.8883,0.1029,
7,Baseline_R10_ge_50,test,R10 >= 50.0 mm,50.0,1210,737,130,106,0.6028,0.1257,0.4492,0.1965,0.4492,0.8743,0.1089,
10,Baseline_R1_ge_50,validation,R1 >= 50.0 mm,50.0,1949,19,216,7,0.8927,0.2692,0.0314,0.0562,0.0314,0.7308,0.0289,
10,Baseline_R1_ge_50,test,R1 >= 50.0 mm,50.0,1814,34,334,1,0.8314,0.0286,0.003,0.0054,0.003,0.9714,0.0027,
10,Baseline_R3_ge_50,validation,R3 >= 50.0 mm,50.0,1829,139,198,25,0.8462,0.1524,0.1121,0.1292,0.1121,0.8476,0.0691,
10,Baseline_R3_ge_50,test,R3 >= 50.0 mm,50.0,1700,148,313,22,0.7888,0.1294,0.0657,0.0871,0.0657,0.8706,0.0455,
10,Baseline_R5_ge_50,validation,R5 >= 50.0 mm,50.0,1680,288,172,51,0.7901,0.1504,0.2287,0.1815,0.2287,0.8496,0.0998,
10,Baseline_R5_ge_50,test,R5 >= 50.0 mm,50.0,1549,299,272,63,0.7384,0.174,0.1881,0.1808,0.1881,0.826,0.0994,
10,Baseline_R7_ge_50,validation,R7 >= 50.0 mm,50.0,1520,448,146,77,0.7289,0.1467,0.3453,0.2059,0.3453,0.8533,0.1148,
10,Baseline_R7_ge_50,test,R7 >= 50.0 mm,50.0,1385,463,232,103,0.6816,0.182,0.3075,0.2286,0.3075,0.818,0.1291,
10,Baseline_R10_ge_50,validation,R10 >= 50.0 mm,50.0,1269,699,98,125,0.6362,0.1517,0.5605,0.2388,0.5605,0.8483,0.1356,
10,Baseline_R10_ge_50,test,R10 >= 50.0 mm,50.0,1154,694,186,149,0.5969,0.1767,0.4448,0.253,0.4448,0.8233,0.1448,
